[
    {
        "id": "review",
        "nama": "Review Slot",
        "deskripsi": "Review lengkap game slot terbaru dan terpopuler"
    },
    {
        "id": "tips",
        "nama": "Tips & Trik",
        "deskripsi": "Tips dan trik untuk mendapatkan maxwin"
    },
    {
        "id": "provider",
        "nama": "Info Provider",
        "deskripsi": "Informasi seputar provider game slot"
    },
    {
        "id": "promo",
        "nama": "Promo & Bonus",
        "deskripsi": "Info promo dan bonus terbaru dari situs slot"
    }
]