{
    "nama_web": "Webber News",
    "meta_title": "Berita Slot Gacor Terbaru Hari Ini | Update Game Slot Online",
    "tagline": "Portal Berita Game Slot Terlengkap",
    "logo": "",
    "favicon": "https://img.cdnbox.media/uploads/tol/favicon.png",
    "meta_desc": "Berita terbaru seputar game slot online, review slot gacor, tips maxwin, info provider dan promo bonus terlengkap.",
    "meta_keywords": "berita slot, slot gacor, review slot, tips maxwin, pragmatic play, pg soft",
    "link_bo": "https://example.com/daftar",
    "link_bo_text": "Daftar Sekarang",
    "admin_user": "admin",
    "admin_pass": "$2y$10$LQIqH28cqiczeCeXze.J1ORqSjqk1UIyud3Goro6TKCfe99wuB2aK",
    "custom_head_code": "",
    "rating_min": 4.5,
    "rating_max": 5,
    "review_count_min": 5000,
    "review_count_max": 15000,
    "deskripsi": "Berita Slot Gacor menyajikan update terbaru seputar game slot online, tren permainan, bocoran pola, dan informasi dunia slot yang dikemas ringan, aktual, dan mudah dipahami oleh semua kalangan.",
    "keywords": "slot gacor, slot online,",
    "email": "inyoengmarkonslot@gmail.com",
    "custom_footer_code": "",
    "sosmed": {
        "facebook": "",
        "twitter": "",
        "instagram": "",
        "youtube": "",
        "tiktok": ""
    },
    "og_image": "https://img.cdnbox.media/uploads/discovery/revolusi-gacor-2026-membedah-skema-kakek-petir-dan-mahjong-ways-rahasia-menang-telak-dengan-modal-receh.png",
    "theme": "dark-red"
}